paper_id,title,authors,year,venue,url
9d93dd971b392719a2b4c2d147b12943f9d79edf,Approximating k-median via pseudo-approximation,Shi Li; O. Svensson,2012,Symposium on the Theory of Computing,https://www.semanticscholar.org/paper/9d93dd971b392719a2b4c2d147b12943f9d79edf
f38814d36929bbc91010ac77f71bcbbed70a45e9,NavEX: A Multi-Agent Coverage in Non-Convex and Uneven Environments via Exemplar-Clustering,Donipolo Ghimire; Carlos Nieto-Granda; Solmaz S. Kia,2025,arXiv.org,https://www.semanticscholar.org/paper/f38814d36929bbc91010ac77f71bcbbed70a45e9
1fd2be3996ec546b9e00fd80fd9d44c7bd9556be,A Local Search Algorithm for the Radius-Constrained k-Median Problem,Gaojie Chi; Longkun Guo; Chaoqi Jia,2025,Theory of Computing Systems,https://www.semanticscholar.org/paper/1fd2be3996ec546b9e00fd80fd9d44c7bd9556be
fa244348a662ca922a983f216938036cc42183ba,Clustering to Minimize Cluster-Aware Norm Objectives,Martin Herold; Evangelos Kipouridis; Joachim Spoerhase,2024,ACM-SIAM Symposium on Discrete Algorithms,https://www.semanticscholar.org/paper/fa244348a662ca922a983f216938036cc42183ba
d1d1460fffa48461aaeefee85d1c2d10b2aedc1a,Improved Approximation Algorithms for Relational Clustering,Aryan Esmailpour; Stavros Sintos,2024,Proc. ACM Manag. Data,https://www.semanticscholar.org/paper/d1d1460fffa48461aaeefee85d1c2d10b2aedc1a
0993257dd25b0ba266c4c8646a4a19fd216bb323,Large-Scale K-Clustering,Konstantin Voevodski,2024,ACM Transactions on Knowledge Discovery from Data,https://www.semanticscholar.org/paper/0993257dd25b0ba266c4c8646a4a19fd216bb323
5c73f77327dfc2c6e7057c8723735bff0674c694,Parameterized Inapproximability Hypothesis under Exponential Time Hypothesis,V. Guruswami; Bingkai Lin; Xuandi Ren; Yican Sun; Kewen Wu,2024,Symposium on the Theory of Computing,https://www.semanticscholar.org/paper/5c73f77327dfc2c6e7057c8723735bff0674c694
72a8222968e83e02da0a5823f4f9135725d26d70,Low-Distortion Clustering with Ordinal and Limited Cardinal Information,Jakob Burkhardt; Ioannis Caragiannis; K. Fehrs; Matteo Russo; Chris Schwiegelshohn; Sudarshan Shyam,2024,AAAI Conference on Artificial Intelligence,https://www.semanticscholar.org/paper/72a8222968e83e02da0a5823f4f9135725d26d70
5bb675c021f68f7db09a73773799bc5906f3b883,Separating k-Median from the Supplier Version,Aditya Anand; Euiwoong Lee,2024,arXiv.org,https://www.semanticscholar.org/paper/5bb675c021f68f7db09a73773799bc5906f3b883
9f308f8e6d45777448ec1beb7829472ecdb23fe4,Parameterized Inapproximability Hypothesis under ETH,V. Guruswami; Bingkai Lin; Xuandi Ren; Yican Sun; Kewen Wu,2023,Electron. Colloquium Comput. Complex.,https://www.semanticscholar.org/paper/9f308f8e6d45777448ec1beb7829472ecdb23fe4
56e0c6ed5d925e845b93ad201c2678e04710870b,Baby PIH: Parameterized Inapproximability of Min CSP,V. Guruswami; Xuandi Ren; Sai Sandeep,2023,Electron. Colloquium Comput. Complex.,https://www.semanticscholar.org/paper/56e0c6ed5d925e845b93ad201c2678e04710870b
18c7e7a07af7677d910e1f560f9e169357f00d38,"Simple, Scalable and Effective Clustering via One-Dimensional Projections",M. Charikar; Monika Henzinger; Lunjia Hu; Maximilian Vötsch; Erik Waingarten,2023,Neural Information Processing Systems,https://www.semanticscholar.org/paper/18c7e7a07af7677d910e1f560f9e169357f00d38
c160f7b405820307a7010b8761335b424c8100b7,Deterministic Clustering in High Dimensional Spaces: Sketches and Approximation,Vincent Cohen-Addad; David Saulpic; Chris Schwiegelshohn,2023,IEEE Annual Symposium on Foundations of Computer Science,https://www.semanticscholar.org/paper/c160f7b405820307a7010b8761335b424c8100b7
ae13e7155b1b4883b0e0b7e2a548051946e0fe17,Clustering Graphs of Bounded Treewidth to Minimize the Sum of Radius-Dependent Costs,Lukas Drexler; Jan Höckendorff; Joshua Könen; Kevin Schewior,2023,arXiv.org,https://www.semanticscholar.org/paper/ae13e7155b1b4883b0e0b7e2a548051946e0fe17
95118d22316916f0f671a6df99a6fe2f56ec4ce6,Differentially Private Clustering in Data Streams,Alessandro Epasto; Tamalika Mukherjee; Peilin Zhong,2023,arXiv.org,https://www.semanticscholar.org/paper/95118d22316916f0f671a6df99a6fe2f56ec4ce6
697d33d8953865f43af88fb7932e6e9142aa91a2,Approximating Median Points in a Convex Polygon,Reyhaneh Mohammadi; Raghuveer Devulapalli; M. Behroozi,2023,arXiv.org,https://www.semanticscholar.org/paper/697d33d8953865f43af88fb7932e6e9142aa91a2
e48233dda7c2eb6f73f8b570a27649d9bd336f93,Distributed Multirobot Coverage Control of Nonconvex Environments With Guarantees,Armin Sadeghi Yengejeh; A. Asghar; Stephen L. Smith,2023,IEEE Transactions on Control of Network Systems,https://www.semanticscholar.org/paper/e48233dda7c2eb6f73f8b570a27649d9bd336f93
1ef6143d2151862062899a8805bc3b72fb2099e3,Random Cuts are Optimal for Explainable k-Medians,K. Makarychev; Liren Shan,2023,Neural Information Processing Systems,https://www.semanticscholar.org/paper/1ef6143d2151862062899a8805bc3b72fb2099e3
816958a22d3d9e7c74d8e9e93c2f51be044dfa1b,A new clustering algorithm based on connectivity,Jiaqiang Wan; K. Zhang; Zhenpeng Guo; Duoqian Miao,2023,Applied intelligence (Boston),https://www.semanticscholar.org/paper/816958a22d3d9e7c74d8e9e93c2f51be044dfa1b
2b3937f2c7998f70c098926f86a48f2fa8a745f2,Online k-Median with Consistent Clusters,Benjamin Moseley; Heather Newman; K. Pruhs,2023,"International Workshop and International Workshop on Approximation, Randomization, and Combinatorial Optimization. Algorithms and Techniques",https://www.semanticscholar.org/paper/2b3937f2c7998f70c098926f86a48f2fa8a745f2
303b3136bc41573e9b8f046c567527f305582dab,Coresets for Clustering in Geometric Intersection Graphs,Sayan Bandyapadhyay; F. Fomin; Tanmay Inamdar,2023,International Symposium on Computational Geometry,https://www.semanticscholar.org/paper/303b3136bc41573e9b8f046c567527f305582dab
aef50e62f3dd80d02658d137a58102da6595e2f3,On parameterized approximation algorithms for balanced clustering,Xiangya Kong; Zhen Zhang; Qilong Feng,2023,Journal of combinatorial optimization,https://www.semanticscholar.org/paper/aef50e62f3dd80d02658d137a58102da6595e2f3
a018a348bfb3072d80bbbb5430407ed82405ad44,"Which Lp norm is the fairest? Approximations for fair facility location across all ""p""",Swati Gupta; Jai Moondra; Mohit Singh,2022,ACM Conference on Economics and Computation,https://www.semanticscholar.org/paper/a018a348bfb3072d80bbbb5430407ed82405ad44
155673911be8ae9bb7e826683626a6fd069ab93b,An O(loglog n)-Approximation for Submodular Facility Location,F. Abbasi; Marek Adamczyk; Miguel Bosch-Calvo; J. Byrka; F. Grandoni; Krzysztof Sornat; Antoine Tinguely,2022,"International Colloquium on Automata, Languages and Programming",https://www.semanticscholar.org/paper/155673911be8ae9bb7e826683626a6fd069ab93b
e3fc5f9e33f42d893241b993f8d55d8989745f65,Improved approximation algorithms for solving the squared metric k-facility location problem,Zhen Zhang; Qilong Feng; Junyu Huang; Jianxin Wang,2022,Theoretical Computer Science,https://www.semanticscholar.org/paper/e3fc5f9e33f42d893241b993f8d55d8989745f65
7d254ca5d5a7cf235224eb3d11325921418bf1fa,Improved Bi-point Rounding Algorithms and a Golden Barrier for k-Median,Kishen N. Gowda; Thomas W. Pensyl; A. Srinivasan; Khoa Trinh,2022,ACM-SIAM Symposium on Discrete Algorithms,https://www.semanticscholar.org/paper/7d254ca5d5a7cf235224eb3d11325921418bf1fa
ab398a1b581ae282ffa4f644f3b01f5b84323ad3,Algorithms with Prediction Portfolios,M. Dinitz; Sungjin Im; Thomas Lavastida; Benjamin Moseley; Sergei Vassilvitskii,2022,Neural Information Processing Systems,https://www.semanticscholar.org/paper/ab398a1b581ae282ffa4f644f3b01f5b84323ad3
67286d7ebdea4fe940af56ddb8e2f3a57813d641,LP-based approximation for uniform capacitated facility location problem,Sapna Grover; Neelima Gupta; S. Khuller,2022,Discrete Optimization,https://www.semanticscholar.org/paper/67286d7ebdea4fe940af56ddb8e2f3a57813d641
b667b3a8ffb1bcb6b9a8e626025d2594d835a77d,Breaching the 2 LMP Approximation Barrier for Facility Location with Applications to k-Median,Vincent Cohen-Addad; F. Grandoni; Euiwoong Lee; Chris Schwiegelshohn,2022,ACM-SIAM Symposium on Discrete Algorithms,https://www.semanticscholar.org/paper/b667b3a8ffb1bcb6b9a8e626025d2594d835a77d
0fb00f32b7b616f5e83e183b59d33c57b666bba3,Approximation Algorithms for Continuous Clustering and Facility Location Problems,Deeparnab Chakrabarty; Maryam Negahbani; Ankita Sarkar,2022,Embedded Systems and Applications,https://www.semanticscholar.org/paper/0fb00f32b7b616f5e83e183b59d33c57b666bba3
324a6d0f5bfc4b70ff584213fc025c7139d7a414,Constant-Factor Approximation Algorithms for Socially Fair k-Clustering,Mehrdad Ghadiri; Mohit Singh; S. Vempala,2022,arXiv.org,https://www.semanticscholar.org/paper/324a6d0f5bfc4b70ff584213fc025c7139d7a414
982a617e8e3048e7731ee867f30f3efb99b0d064,Better guarantees for k-median with service installation costs,Zhen Zhang; Yipeng Zhou; Shaoqian Yu,2022,Theoretical Computer Science,https://www.semanticscholar.org/paper/982a617e8e3048e7731ee867f30f3efb99b0d064
0835c1e373a884a2f59d3dee9351e8ad031c8f69,"Improved approximations for Euclidean k-means and k-median, via nested quasi-independent sets",Vincent Cohen-Addad; Hossein Esfandiari; V. Mirrokni; Shyam Narayanan,2022,Symposium on the Theory of Computing,https://www.semanticscholar.org/paper/0835c1e373a884a2f59d3dee9351e8ad031c8f69
082578a4db88900ae48ac405425543f4bcc54892,Constant factor approximations for Lower and Upper bounded Clusterings,Neelima Gupta; Sapna Grover; Rajni Dabas,2022,arXiv.org,https://www.semanticscholar.org/paper/082578a4db88900ae48ac405425543f4bcc54892
cffd0b65635dee53babc0a1543303e68f1d20d9c,An approximation algorithm for lower-bounded k-median with constant factor,Xiaoliang Wu; Feng Shi; Yutian Guo; Zhen Zhang; Junyu Huang; Jianxin Wang,2022,Science China Information Sciences,https://www.semanticscholar.org/paper/cffd0b65635dee53babc0a1543303e68f1d20d9c
0b02637eabcc140f865253ffc785e47903bcadfd,Towards optimal lower bounds for k-median and k-means coresets,Vincent Cohen-Addad; Kasper Green Larsen; David Saulpic; Chris Schwiegelshohn,2022,Symposium on the Theory of Computing,https://www.semanticscholar.org/paper/0b02637eabcc140f865253ffc785e47903bcadfd
d19836c92103d4693e7fe1e1d4257050411ed7e6,k-Clustering with Fair Outliers,Matteo Almanza; Alessandro Epasto; A. Panconesi; Giuseppe Re,2022,Web Search and Data Mining,https://www.semanticscholar.org/paper/d19836c92103d4693e7fe1e1d4257050411ed7e6
bc8031a0ec5784585a864992630165565d2fff1b,Fair Representation Clustering with Several Protected Classes,Zhen Dai; Yury Makarychev; A. Vakilian,2022,"Conference on Fairness, Accountability and Transparency",https://www.semanticscholar.org/paper/bc8031a0ec5784585a864992630165565d2fff1b
f41bdb6e387364a9f1959556af16b58d6faa5b9f,On Clustering with Discounts,Shichuan Deng,2021,Information Processing Letters,https://www.semanticscholar.org/paper/f41bdb6e387364a9f1959556af16b58d6faa5b9f
ceea68175d841a9b6ec8306469f97c52fcf268dd,Approximating Fair Clustering with Cascaded Norm Objectives,E. Chlamtác; Yury Makarychev; A. Vakilian,2021,ACM-SIAM Symposium on Discrete Algorithms,https://www.semanticscholar.org/paper/ceea68175d841a9b6ec8306469f97c52fcf268dd
15591663fecfc34035a47ca7d71d0d16188c71fd,Discrete Facility Location in Machine Learning,I. Vasilyev; A. Ushakov,2021,Journal of Applied and Industrial Mathematics,https://www.semanticscholar.org/paper/15591663fecfc34035a47ca7d71d0d16188c71fd
bd790b07c7e381ec7cdf64351cc4c88533b72671,Clustering for Private Interest-based Advertising,Alessandro Epasto; Andrés Muñoz Medina; Steven Avery; Yijian Bai; R. Busa-Fekete; C. Carey; Ya Gao; David Guthrie; Subham Ghosh; James Ioannidis; Junyi Jiao; Jakub Lacki; Jason Lee; Arne Mauser; Brian Milch; V. Mirrokni; Deepak Ravichandran; Wei Shi; Max Spero; Yunting Sun; Umar Syed; Sergei Vassilvitskii; Shuo Wang,2021,Knowledge Discovery and Data Mining,https://www.semanticscholar.org/paper/bd790b07c7e381ec7cdf64351cc4c88533b72671
9cc3624f19274948d5612897f7e3687e6042294c,FPT Approximation for Fair Minimum-Load Clustering,Sayan Bandyapadhyay; F. Fomin; P. Golovach; Nidhi Purohit; Kirill Simonov,2021,International Symposium on Parameterized and Exact Computation,https://www.semanticscholar.org/paper/9cc3624f19274948d5612897f7e3687e6042294c
bc2921c540fa770bbbbf1d7cb901fab89e437143,Lossy Kernelization of Same-Size Clustering,Sayan Bandyapadhyay; F. Fomin; P. Golovach; Nidhi Purohit; Kirill Simonov,2021,Theory of Computing Systems,https://www.semanticscholar.org/paper/bc2921c540fa770bbbbf1d7cb901fab89e437143
04ac3d60588baad880ed967c22c549884c964a4d,Differentially-Private Sublinear-Time Clustering,Jeremiah Blocki; Elena Grigorescu; Tamalika Mukherjee,2021,International Symposium on Information Theory,https://www.semanticscholar.org/paper/04ac3d60588baad880ed967c22c549884c964a4d
1d45d91aa2d13d45620a949b719278c8038ea849,Near-optimal Algorithms for Explainable k-Medians and k-Means,K. Makarychev; Liren Shan,2021,International Conference on Machine Learning,https://www.semanticscholar.org/paper/1d45d91aa2d13d45620a949b719278c8038ea849
ffcce4e4db4a0a4bd3d4ca654d1aec0d57346053,Tight FPT Approximation for Socially Fair Clustering,Dishant Goyal; Ragesh Jaiswal,2021,Information Processing Letters,https://www.semanticscholar.org/paper/ffcce4e4db4a0a4bd3d4ca654d1aec0d57346053
07e5c6faa5e13938dc6742c52c4fb11a2418ed58,Efficient Online Learning for Dynamic k-Clustering,Dimitris Fotakis; G. Piliouras; Stratis Skoulakis,2021,International Conference on Machine Learning,https://www.semanticscholar.org/paper/07e5c6faa5e13938dc6742c52c4fb11a2418ed58
26719d4caa86633292da378abad6ee6b7480502b,Universal Algorithms for Clustering Problems,Arun Ganesh; B. Maggs; Debmalya Panigrahi,2021,"International Colloquium on Automata, Languages and Programming",https://www.semanticscholar.org/paper/26719d4caa86633292da378abad6ee6b7480502b
939c673b2da4494b35320b896f686768e72df0af,A Constant Approximation Algorithm for Sequential No-Substitution k-Median Clustering under a Random Arrival Order,Tom Hess; Michal Moshkovitz; Sivan Sabato,2021,Neural Information Processing Systems,https://www.semanticscholar.org/paper/939c673b2da4494b35320b896f686768e72df0af
936664c00743b6d4081d9647777deada44f78e4c,Outliers Detection Is Not So Hard: Approximation Algorithms for Robust Clustering Problems Using Local Search Techniques,Yishui Wang; R. Möhring; Chenchen Wu; Dachuan Xu; Dongmei Zhang,2020,arXiv.org,https://www.semanticscholar.org/paper/936664c00743b6d4081d9647777deada44f78e4c
a4d3ff748a1032f231227cb95ec07a6a530cf7e4,Hardness of Approximation of Euclidean k-Median,Anup Bhattacharya; Dishant Goyal; Ragesh Jaiswal,2020,"International Workshop and International Workshop on Approximation, Randomization, and Combinatorial Optimization. Algorithms and Techniques",https://www.semanticscholar.org/paper/a4d3ff748a1032f231227cb95ec07a6a530cf7e4
44e6a2108d9913d762921694f6b1a1e3fdfdb70d,Ordered $k$-Median with Outliers and Fault-Tolerance,Shichuan Deng; Qianfan Zhang,2020,,https://www.semanticscholar.org/paper/44e6a2108d9913d762921694f6b1a1e3fdfdb70d
c58192b46582e61092ace00091ced9c4086c9e8e,Solving the p-median problem on regular and lattice networks,R. Church; Shaohua Wang,2020,Computers & Operations Research,https://www.semanticscholar.org/paper/c58192b46582e61092ace00091ced9c4086c9e8e
310ba1acb99e8011b6bc73f415203adc07929006,Structural Iterative Rounding for Generalized k-Median Problems,Anupam Gupta; Benjamin Moseley; Rudy Zhou,2020,"International Colloquium on Automata, Languages and Programming",https://www.semanticscholar.org/paper/310ba1acb99e8011b6bc73f415203adc07929006
7a5ccda438d2f9ed9ee53d48d21e6430cd63c9fc,A survey on theory and algorithms for bm$k$-means problems,D. Zhang; Zhenning Zhang; Li Min; Dachuan Xu,2020,Scientia Sinica Mathematica,https://www.semanticscholar.org/paper/7a5ccda438d2f9ed9ee53d48d21e6430cd63c9fc
6727750540a049a680e27e863be9c684782c2473,Tight Approximation for the Minimum Bottleneck Generalized Matching Problem,Julián Mestre; Nicolas Stier-Moses,2020,International Computing and Combinatorics Conference,https://www.semanticscholar.org/paper/6727750540a049a680e27e863be9c684782c2473
cc9b890dd9350fb134bec49a4a27ad0004e7dbbb,Approximation Algorithms for the Lower-Bounded k-Median and Its Generalizations,Lu Han; C. Hao; Chenchen Wu; Zhenning Zhang,2020,International Computing and Combinatorics Conference,https://www.semanticscholar.org/paper/cc9b890dd9350fb134bec49a4a27ad0004e7dbbb
fe2261544ea516499c3884b596cc0d06285eee4f,Differentially Private Clustering: Tight Approximation Ratios,Badih Ghazi; Ravi Kumar; Pasin Manurangsi,2020,Neural Information Processing Systems,https://www.semanticscholar.org/paper/fe2261544ea516499c3884b596cc0d06285eee4f
b635d250c623c987fcbc023067c9a968b2705975,"Consistent k-Median: Simpler, Better and Robust",Xiangyu Guo; Janardhan Kulkarni; Shi Li; Jiayi Xian,2020,International Conference on Artificial Intelligence and Statistics,https://www.semanticscholar.org/paper/b635d250c623c987fcbc023067c9a968b2705975
703b9643d93767df257004cd6a7f79ee572ab2ac,Approximation Algorithms for the Lower-Bounded Knapsack Median Problem,Lu Han; C. Hao; Chenchen Wu; Zhenning Zhang,2020,Algorithmic Applications in Management,https://www.semanticscholar.org/paper/703b9643d93767df257004cd6a7f79ee572ab2ac
6a64dc0cba55d228899b81da6eaa06c02c9c3c4e,Relational Algorithms for k-means Clustering,Benjamin Moseley; K. Pruhs; Alireza Samadian; Yuyan Wang,2020,"International Colloquium on Automata, Languages and Programming",https://www.semanticscholar.org/paper/6a64dc0cba55d228899b81da6eaa06c02c9c3c4e
773b786d8bd3006b1f872a650ebb5b2d3e559489,FPT Approximation for Constrained Metric k-Median/Means,Dishant Goyal; Ragesh Jaiswal; Amit Kumar,2020,International Symposium on Parameterized and Exact Computation,https://www.semanticscholar.org/paper/773b786d8bd3006b1f872a650ebb5b2d3e559489
8d6364d1432b186fb735cbcb80575116228c9137,Approximation algorithms for spherical k-means problem using local search scheme,D. Zhang; Y. Cheng; Min Li; Yishui Wang; Dachuan Xu,2020,Theoretical Computer Science,https://www.semanticscholar.org/paper/8d6364d1432b186fb735cbcb80575116228c9137
9f64a716ab36deb3fd472068b3f2d6a289ec47e8,Approximation Algorithms for Clustering with Dynamic Points,Shichuan Deng; Jian Li; Y. Rabani,2020,Embedded Systems and Applications,https://www.semanticscholar.org/paper/9f64a716ab36deb3fd472068b3f2d6a289ec47e8
6ba823a0ccac36515320a0939c6516d2174832f1,Fair Clustering via Equitable Group Representations,Mohsen Abbasi; Aditya Bhaskara; S. Venkatasubramanian,2020,"Conference on Fairness, Accountability and Transparency",https://www.semanticscholar.org/paper/6ba823a0ccac36515320a0939c6516d2174832f1
ee266b6db7c5f95944ae4e53ce5a26159ea4adb3,Sliding Window Algorithms for k-Clustering Problems,Michele Borassi; Alessandro Epasto; Silvio Lattanzi; Sergei Vassilvitskii; Morteza Zadimoghaddam,2020,Neural Information Processing Systems,https://www.semanticscholar.org/paper/ee266b6db7c5f95944ae4e53ce5a26159ea4adb3
9792612222d58fefde9c7aef95f95e9d535bf8a1,Exact Recovery of Mangled Clusters with Same-Cluster Queries,M. Bressan; Nicolò Cesa-Bianchi; Silvio Lattanzi; Andrea Paudice,2020,Neural Information Processing Systems,https://www.semanticscholar.org/paper/9792612222d58fefde9c7aef95f95e9d535bf8a1
bbd3656ab5f393ec095247ff87500a628dc3d8ec,Approximation Algorithms for Distributed Multi-Robot Coverage in Non-Convex Environments,Armin Sadeghi; A. Asghar; Stephen L. Smith,2020,Workshop on the Algorithmic Foundations of Robotics,https://www.semanticscholar.org/paper/bbd3656ab5f393ec095247ff87500a628dc3d8ec
bc5a9ea1d4efe985d3120f8d70eef808d05c489e,k-Median clustering under discrete Fréchet and Hausdorff distances,Abhinandan Nath; Erin Taylor,2020,International Symposium on Computational Geometry,https://www.semanticscholar.org/paper/bc5a9ea1d4efe985d3120f8d70eef808d05c489e
b8e7d5157c6ad548b5ad444f7eae1b07f5579776,Fully-Dynamic Coresets,Monika Henzinger; S. Kale,2020,Embedded Systems and Applications,https://www.semanticscholar.org/paper/b8e7d5157c6ad548b5ad444f7eae1b07f5579776
8db45eed427f1db66a49022983f9bae217607013,(Individual) Fairness for k-Clustering,S. Mahabadi; A. Vakilian,2020,International Conference on Machine Learning,https://www.semanticscholar.org/paper/8db45eed427f1db66a49022983f9bae217607013
71e3b8b4b987faf7dbfbaf40624869bf2465eb8b,The Distance-Constrained Matroid Median Problem,Naoyuki Kamiyama,2020,Algorithmica,https://www.semanticscholar.org/paper/71e3b8b4b987faf7dbfbaf40624869bf2465eb8b
2d74d7b7e56dbd8ac7fcd75c75d29191edd124ae,An approximation algorithm for stochastic multi-level facility location problem with soft capacities,Chenchen Wu; D. Du; Yue Kang,2020,Journal of combinatorial optimization,https://www.semanticscholar.org/paper/2d74d7b7e56dbd8ac7fcd75c75d29191edd124ae
0491e42fa5011a22769931b1fc0164235e5d9334,Fair Correlation Clustering,Sara Ahmadian; Alessandro Epasto; Ravi Kumar; Mohammad Mahdian,2020,International Conference on Artificial Intelligence and Statistics,https://www.semanticscholar.org/paper/0491e42fa5011a22769931b1fc0164235e5d9334
1d2c839ee2480196a8ce2f24e25fee579d8fb20e,An improved (1+1) evolutionary algorithm for k-median clustering problem with performance guarantee,Zhengxin Huang; Yuren Zhou; Xiaoyun Xia; Xinsheng Lai,2020,,https://www.semanticscholar.org/paper/1d2c839ee2480196a8ce2f24e25fee579d8fb20e
1a06223da90ec4024b89000477cd6feabacb1095,Cache Optimization Models and Algorithms,G. Paschos; G. Iosifidis; G. Caire,2019,Foundations and Trends in Communications and Information Theory,https://www.semanticscholar.org/paper/1a06223da90ec4024b89000477cd6feabacb1095
3896daece4c8a8adb2d36b13ccd52369e6c41d9e,"Tight Running Time Lower Bounds for Strong Inapproximability of Maximum k-Coverage, Unique Set Cover and Related Problems (via t-Wise Agreement Testing Theorem)",Pasin Manurangsi,2019,ACM-SIAM Symposium on Discrete Algorithms,https://www.semanticscholar.org/paper/3896daece4c8a8adb2d36b13ccd52369e6c41d9e
a2fa55c5e1f5ae0e5ff764c89e0eae251c58e78a,Local Search Approximation Algorithms for the Spherical k-Means Problem,Dongmei Zhang; Y. Cheng; Min Li; Yishui Wang; Dachuan Xu,2019,Algorithmic Applications in Management,https://www.semanticscholar.org/paper/a2fa55c5e1f5ae0e5ff764c89e0eae251c58e78a
d603a3083ec02ce134b226b68089d6883e69637d,A Computational Comparison of Parallel and Distributed K-median Clustering Algorithms on Large-Scale Image Data,A. Ushakov; I. Vasil'ev,2019,Motor,https://www.semanticscholar.org/paper/d603a3083ec02ce134b226b68089d6883e69637d
8ba2f12bc2b1ae01913d5e79a89c47bb69cc464c,Joint Representative Selection and Feature Learning: A Semi-Supervised Approach,Suchen Wang; Jingjing Meng; Junsong Yuan; Yap-Peng Tan,2019,Computer Vision and Pattern Recognition,https://www.semanticscholar.org/paper/8ba2f12bc2b1ae01913d5e79a89c47bb69cc464c
ac886685a1fd17c5496d9770b9ceae341e663739,A Practical Framework for Solving Center-Based Clustering with Outliers,Hu Ding; Haikuo Yu,2019,arXiv.org,https://www.semanticscholar.org/paper/ac886685a1fd17c5496d9770b9ceae341e663739
0c51d07de1273aad0a8bef006cb319feff9afef6,The Effectiveness of Uniform Sampling for Center-Based Clustering with Outliers,Hu Ding; Jiawei Huang; Haikuo Yu,2019,,https://www.semanticscholar.org/paper/0c51d07de1273aad0a8bef006cb319feff9afef6
c3698bb0a616c0fd9575735e0c07f539427746ed,Coverage Control for Multiple Event Types with Heterogeneous Robots,Armin Sadeghi; Stephen L. Smith,2019,IEEE International Conference on Robotics and Automation,https://www.semanticscholar.org/paper/c3698bb0a616c0fd9575735e0c07f539427746ed
79574f8c451813918b8de09323bd6c35a3b67dcf,An Improved Approximation Algorithm for the k-Means Problem with Penalties,Qilong Feng; Zhen Zhang; Feng Shi; Jian-xin Wang,2019,Frontiers in Algorithmics,https://www.semanticscholar.org/paper/79574f8c451813918b8de09323bd6c35a3b67dcf
c5d9b6d801051c4b8db8fb34f5a64c843dd1fd5e,Tight FPT Approximations for $k$-Median and k-Means,Vincent Cohen-Addad; Anupam Gupta; Amit Kumar; Euiwoong Lee; Jason Li,2019,"International Colloquium on Automata, Languages and Programming",https://www.semanticscholar.org/paper/c5d9b6d801051c4b8db8fb34f5a64c843dd1fd5e
6a7a3de2ddf3b39f2108e79d75acb6950f3f984c,Reconciliation k-median: Clustering with Non-polarized Representatives,Bruno Ordozgoiti; A. Gionis,2019,The Web Conference,https://www.semanticscholar.org/paper/6a7a3de2ddf3b39f2108e79d75acb6950f3f984c
c626a4556917f2d4ba877fc50fa4478d3ecd8ab3,On the hardness of computing an average curve,K. Buchin; Anne Driemel; Martijn Struijs,2019,Scandinavian Workshop on Algorithm Theory,https://www.semanticscholar.org/paper/c626a4556917f2d4ba877fc50fa4478d3ecd8ab3
31a08d0dba48316e420d9e1f99c5c824647a7813,A Composable Coreset for k-Center in Doubling Metrics,Sepideh Aghamolaei; M. Ghodsi,2019,Canadian Conference on Computational Geometry,https://www.semanticscholar.org/paper/31a08d0dba48316e420d9e1f99c5c824647a7813
9c26bbf34bdab544a000038d628a8fb232d60cb6,Fair k-Center Clustering for Data Summarization,Matthäus Kleindessner; Pranjal Awasthi; Jamie Morgenstern,2019,International Conference on Machine Learning,https://www.semanticscholar.org/paper/9c26bbf34bdab544a000038d628a8fb232d60cb6
34a46c62cb3a7809db4ed7d0c1a651f538b9fe87,Fair Algorithms for Clustering,Suman Kalyan Bera; Deeparnab Chakrabarty; Maryam Negahbani,2019,Neural Information Processing Systems,https://www.semanticscholar.org/paper/34a46c62cb3a7809db4ed7d0c1a651f538b9fe87
f006a6d76e2e2163e6f10eeb414e041e34099ac7,On the cost of essentially fair clusterings,I. Bercea; Martin Groß; S. Khuller; Aounon Kumar; Clemens Rösner; Daniel R. Schmidt; Melanie Schmidt,2018,"International Workshop and International Workshop on Approximation, Randomization, and Combinatorial Optimization. Algorithms and Techniques",https://www.semanticscholar.org/paper/f006a6d76e2e2163e6f10eeb414e041e34099ac7
b2dc50263e02f63bacf90d6ee2ce3f4ea5981a50,Approximation algorithms for minimum norm and ordered optimization problems,Deeparnab Chakrabarty; Chaitanya Swamy,2018,Symposium on the Theory of Computing,https://www.semanticscholar.org/paper/b2dc50263e02f63bacf90d6ee2ce3f4ea5981a50
d0d066047739b90dff857c6659a940b931396afa,An approximation algorithm for the k-median problem with uniform penalties via pseudo-solution,Chenchen Wu; D. Du; Dachuan Xu,2018,Theoretical Computer Science,https://www.semanticscholar.org/paper/d0d066047739b90dff857c6659a940b931396afa
5f7b404a9ce383b42780fa486851b27b514cfc27,Problem-based optimal scenario generation and reduction in stochastic programming,R. Henrion; W. Römisch,2018,Mathematical programming,https://www.semanticscholar.org/paper/5f7b404a9ce383b42780fa486851b27b514cfc27
9ba5bd364b884fde46adbda06c8561f0c640da01,Constant factor FPT approximation for capacitated k-median,Marek Adamczyk; J. Byrka; Jan Marcinkowski; S. M. Meesum; Michał Włodarczyk,2018,Embedded Systems and Applications,https://www.semanticscholar.org/paper/9ba5bd364b884fde46adbda06c8561f0c640da01
38806817d41206663dcf9e988fa53ca7e15a8e2c,Faster Balanced Clusterings in High Dimension,Hu Ding,2018,Theoretical Computer Science,https://www.semanticscholar.org/paper/38806817d41206663dcf9e988fa53ca7e15a8e2c
2f693a545f3d4b8d63f5cce300511fd16fc9dc88,"Shortest path queries, graph partitioning and covering problems in worst and beyond worst case settings",Haris Angelidakis,2018,arXiv.org,https://www.semanticscholar.org/paper/2f693a545f3d4b8d63f5cce300511fd16fc9dc88
28c4f516a60ad913a51c76a43f8b8402253eab65,On Minimizing Supermodular Functions on Hereditary Systems,V. P. Il'ev; S. Il'eva,2018,,https://www.semanticscholar.org/paper/28c4f516a60ad913a51c76a43f8b8402253eab65
419a467ff1128acea4550c5908a330fbd1a32b41,Improved Local Search Based Approximation Algorithm for Hard Uniform Capacitated k-Median Problem,Neelima Gupta; Aditya Pancholi,2018,Informatica,https://www.semanticscholar.org/paper/419a467ff1128acea4550c5908a330fbd1a32b41
0902ac56c7d14ff551313caba92e60d9f08126d9,Approximation Algorithms for Minimum-Load k-Facility Location,Sara Ahmadian; B. Behsaz; Zachary Friggstad; A. Jorati; M. Salavatipour; Chaitanya Swamy,2018,"International Workshop and International Workshop on Approximation, Randomization, and Combinatorial Optimization. Algorithms and Techniques",https://www.semanticscholar.org/paper/0902ac56c7d14ff551313caba92e60d9f08126d9
4a84c334e6e51b0da4559d64db0fa48e49627bf3,Local search approximation algorithms for the k-means problem with penalties,D. Zhang; C. Hao; Chenchen Wu; Dachuan Xu; Zhenning Zhang,2018,Journal of combinatorial optimization,https://www.semanticscholar.org/paper/4a84c334e6e51b0da4559d64db0fa48e49627bf3
5706e4027fcc12f6e318692bec44dd85b5736fb1,Hidden Integrality and Semirandom Robustness of SDP Relaxation for Sub-Gaussian Mixture Model,Yingjie Fei; Yudong Chen,2018,Mathematics of Operations Research,https://www.semanticscholar.org/paper/5706e4027fcc12f6e318692bec44dd85b5736fb1
17cde2a9ab22b8088bccfe8d63330d82fa1054c6,Hidden Integrality of SDP Relaxation for Sub-Gaussian Mixture Models,Yingjie Fei; Yudong Chen,2018,Annual Conference Computational Learning Theory,https://www.semanticscholar.org/paper/17cde2a9ab22b8088bccfe8d63330d82fa1054c6
d1d7e28bf945600769247ab97ff6e69c2f4f6b19,The ordered k-median problem: surrogate models and approximation algorithms,A. Aouad; D. Segev,2018,Mathematical programming,https://www.semanticscholar.org/paper/d1d7e28bf945600769247ab97ff6e69c2f4f6b19
68f35b482a467aaa369ca6746862d0f35592fda2,An improved approximation algorithm for hierarchical clustering,Sakib A. Mondal,2018,Pattern Recognition Letters,https://www.semanticscholar.org/paper/68f35b482a467aaa369ca6746862d0f35592fda2
28f637cb5bf7c5bdbeb3317f563e48e95a27c92d,Fair Clustering Through Fairlets,Flavio Chierichetti; Ravi Kumar; Silvio Lattanzi; Sergei Vassilvitskii,2018,Neural Information Processing Systems,https://www.semanticscholar.org/paper/28f637cb5bf7c5bdbeb3317f563e48e95a27c92d
609f13356f276c21bff1eea19ac1d1b7def2c125,Privacy preserving clustering with constraints,Clemens Rösner; Melanie Schmidt,2018,"International Colloquium on Automata, Languages and Programming",https://www.semanticscholar.org/paper/609f13356f276c21bff1eea19ac1d1b7def2c125
f7521d3219cb32a1f72196e63aea30c7f0f44c20,An Improved Approximation Algorithm for Knapsack Median Using Sparsification,J. Byrka; Thomas W. Pensyl; Bartosz Rybicki; J. Spoerhase; A. Srinivasan; Khoa Trinh,2018,Algorithmica,https://www.semanticscholar.org/paper/f7521d3219cb32a1f72196e63aea30c7f0f44c20
d3e023f3655215210b96acd5a6ef03056e5cc93b,A local search approximation algorithm for a squared metric k-facility location problem,Dongmei Zhang; Dachuan Xu; Yishui Wang; Peng Zhang; Zhenning Zhang,2017,Journal of combinatorial optimization,https://www.semanticscholar.org/paper/d3e023f3655215210b96acd5a6ef03056e5cc93b
09971c860269813acec012579ad26f47faa99917,Interpolating between k-Median and k-Center: Approximation Algorithms for Ordered k-Median,Deeparnab Chakrabarty; Chaitanya Swamy,2017,"International Colloquium on Automata, Languages and Programming",https://www.semanticscholar.org/paper/09971c860269813acec012579ad26f47faa99917
c24957949893f2fe0473ce2f26b89b47e567ff0c,Constant-factor approximation for ordered k-median,J. Byrka; Krzysztof Sornat; J. Spoerhase,2017,Symposium on the Theory of Computing,https://www.semanticscholar.org/paper/c24957949893f2fe0473ce2f26b89b47e567ff0c
3138c231fc35717900187ccbae5354c1ec4d39ef,The Bane of Low-Dimensionality Clustering,Vincent Cohen-Addad; A. D. Mesmay; E. Rotenberg; A. Roytman,2017,ACM-SIAM Symposium on Discrete Algorithms,https://www.semanticscholar.org/paper/3138c231fc35717900187ccbae5354c1ec4d39ef
160603fd5e58c82deaa3e8557a2a4dd329c70272,Constant approximation for k-median and k-means with outliers via iterative rounding,Ravishankar Krishnaswamy; Shi Li; Sai Sandeep,2017,Symposium on the Theory of Computing,https://www.semanticscholar.org/paper/160603fd5e58c82deaa3e8557a2a4dd329c70272
fb231da2243979da9a60355afcae2adb30684ff8,A Convex Approach to K-Means Clustering and Image Segmentation,Laurent Condat,2017,Energy Minimization Methods in Computer Vision and Pattern Recognition,https://www.semanticscholar.org/paper/fb231da2243979da9a60355afcae2adb30684ff8
de732d4e7d0b72a83f3de084f362e2e2fba0e41c,An approximation algorithm for soft capacitated k-facility location problem,Yanjun Jiang; Dachuan Xu; D. Du; Chenchen Wu; Dongmei Zhang,2017,Journal of combinatorial optimization,https://www.semanticscholar.org/paper/de732d4e7d0b72a83f3de084f362e2e2fba0e41c
293db96e26810c09aa6805248cf08152d92464b3,Recent Developments in Approximation Algorithms for Facility Location and Clustering Problems,Hyung-Chan An; O. Svensson,2017,,https://www.semanticscholar.org/paper/293db96e26810c09aa6805248cf08152d92464b3
cf8b6f68012b87ec575e192b49068edd37711c0b,A Lottery Model for Center-Type Problems With Outliers,David G. Harris; Thomas W. Pensyl; A. Srinivasan; Khoa Trinh,2017,"International Workshop and International Workshop on Approximation, Randomization, and Combinatorial Optimization. Algorithms and Techniques",https://www.semanticscholar.org/paper/cf8b6f68012b87ec575e192b49068edd37711c0b
a1f414967102531bd1024739c1a742bf364e13e6,A local search approximation algorithm for the uniform capacitated k-facility location problem,Lu Han; Dachuan Xu; D. Du; Dongmei Zhang,2017,Journal of combinatorial optimization,https://www.semanticscholar.org/paper/a1f414967102531bd1024739c1a742bf364e13e6
7c5339b91005aff342b803f8dc4f1c0dafd47a1f,Dependent randomized rounding for clustering and partition systems with knapsack constraints,David G. Harris; Thomas W. Pensyl; A. Srinivasan; Khoa Trinh,2017,International Conference on Artificial Intelligence and Statistics,https://www.semanticscholar.org/paper/7c5339b91005aff342b803f8dc4f1c0dafd47a1f
6c34b573fd7b89decc85de94976d5f9140cedc02,Symmetric Randomized Dependent Rounding,David G. Harris; Thomas W. Pensyl; A. Srinivasan; Khoa Trinh,2017,arXiv.org,https://www.semanticscholar.org/paper/6c34b573fd7b89decc85de94976d5f9140cedc02
dbe00667e6b63343889a63334a85f3c6cdbc9d95,Dependent rounding for knapsack/partition constraints and facility location,David G. Harris; Thomas W. Pensyl; A. Srinivasan; Khoa Trinh,2017,,https://www.semanticscholar.org/paper/dbe00667e6b63343889a63334a85f3c6cdbc9d95
d62bab29401606beea220d2fe8e83be4742337db,A Bicriteria Approximation Algorithm for the k-Center and k-Median Problems,Soroush Alamdari; D. Shmoys,2017,Workshop on Approximation and Online Algorithms,https://www.semanticscholar.org/paper/d62bab29401606beea220d2fe8e83be4742337db
a22315fba20f6a603a5ff7475d4561b62a98f6fb,A Fast Approximation Scheme for Low-Dimensional k-Means,Vincent Cohen-Addad,2017,ACM-SIAM Symposium on Discrete Algorithms,https://www.semanticscholar.org/paper/a22315fba20f6a603a5ff7475d4561b62a98f6fb
4148241a6850b099660aab07fd3b5045d0bf722b,A Local Search Approximation Algorithm for the k-means Problem with Penalties,Dongmei Zhang; C. Hao; Chenchen Wu; Dachuan Xu; Zhenning Zhang,2017,International Computing and Combinatorics Conference,https://www.semanticscholar.org/paper/4148241a6850b099660aab07fd3b5045d0bf722b
28b5deca471b7346db2f1ecd2bb545f2a71c8157,Polynomial-Time Approximation Schemes for k-Center and Bounded-Capacity Vehicle Routing in Metrics with Bounded Highway Dimension,Amariah Becker; P. Klein; David Saulpic,2017,arXiv.org,https://www.semanticscholar.org/paper/28b5deca471b7346db2f1ecd2bb545f2a71c8157
834cf34ad97a0fb048c3e012402164d7c5488132,Consistent k-Clustering,Silvio Lattanzi; Sergei Vassilvitskii,2017,International Conference on Machine Learning,https://www.semanticscholar.org/paper/834cf34ad97a0fb048c3e012402164d7c5488132
06e26e8d7999af9aca0b342c4e8e553b4979cdbb,Approximation Schemes for Clustering with Outliers,Zachary Friggstad; K. Khodamoradi; M. Rezapour; M. Salavatipour,2017,ACM-SIAM Symposium on Discrete Algorithms,https://www.semanticscholar.org/paper/06e26e8d7999af9aca0b342c4e8e553b4979cdbb
4dc7de4bb7e2c64a6aad4c5b73ad42ace8b1ca86,A Branch Decomposition Algorithm for the p-Median Problem,Caleb C. Fast; Illya V. Hicks,2017,INFORMS journal on computing,https://www.semanticscholar.org/paper/4dc7de4bb7e2c64a6aad4c5b73ad42ace8b1ca86
62fbc6001c0ce305c9c050f6f49a2430971dc906,Fairness in Resource Allocation and Slowed-down Dependent Rounding,David G. Harris; Thomas W. Pensyl; A. Srinivasan; Khoa Trinh,2017,arXiv.org,https://www.semanticscholar.org/paper/62fbc6001c0ce305c9c050f6f49a2430971dc906
ce0fd9a56ae403f476db6c88e16bdbe7a6e63760,Approximation Algorithms for Clustering and Facility Location Problems,Sara Ahmadian,2017,,https://www.semanticscholar.org/paper/ce0fd9a56ae403f476db6c88e16bdbe7a6e63760
186aa83caa5dd45cef15416b724bb01626897649,Novel Techniques for the Zero-Forcing and p-Median Graph Location Problems,Caleb C. Fast,2017,,https://www.semanticscholar.org/paper/186aa83caa5dd45cef15416b724bb01626897649
ef959ef667ad337cb4eb66fca2066aa5da0de7ab,Relevance Mining of Multi-Keyword Search to Originate Initial Cluster Centers for K-Means Algorithm,Zhaoyang Qu; Wei Ding; T. Zhou; Nan Qu; Ling Wang; Hongbo Lv,2017,International Conference on Multimedia and Ubiquitous Engineering,https://www.semanticscholar.org/paper/ef959ef667ad337cb4eb66fca2066aa5da0de7ab
15d072d2f90bff2c6b459b6c8b5aa7d830cc2851,Capacitated Center Problems with Two-Sided Bounds and Outliers,Hu Ding; Lunjia Hu; Lingxiao Huang; J. Li,2017,Workshop on Algorithms and Data Structures,https://www.semanticscholar.org/paper/15d072d2f90bff2c6b459b6c8b5aa7d830cc2851
2276379e9ccd9368f468440901140e767f13040d,On the Local Structure of Stable Clustering Instances,Vincent Cohen-Addad; Chris Schwiegelshohn,2017,IEEE Annual Symposium on Foundations of Computer Science,https://www.semanticscholar.org/paper/2276379e9ccd9368f468440901140e767f13040d
03f399fda8abb0f7a1a6a9e02b95fe6f8cfa2479,One Size Fits All : Effectiveness of Local Search on Structured Data,Vincent Cohen-Addad; Chris Schwiegelshohn,2017,arXiv.org,https://www.semanticscholar.org/paper/03f399fda8abb0f7a1a6a9e02b95fe6f8cfa2479
c70b42370eb4c6cc58ac82f9f9e18929ce8e6726,Scenario reduction revisited: fundamental limits and guarantees,Napat Rujeerapaiboon; Kilian Schindler; D. Kuhn; W. Wiesemann,2017,Mathematical programming,https://www.semanticscholar.org/paper/c70b42370eb4c6cc58ac82f9f9e18929ce8e6726
589fd2f1914a69a6190544b68b3f2a50a2e8944b,Better Guarantees for k-Means and Euclidean k-Median by Primal-Dual Algorithms,Sara Ahmadian; A. Norouzi-Fard; O. Svensson; Justin Ward,2016,IEEE Annual Symposium on Foundations of Computer Science,https://www.semanticscholar.org/paper/589fd2f1914a69a6190544b68b3f2a50a2e8944b
b0e7ad0133104ba811bfbb8d43948b74a22e299c,An Approximation Algorithm for the k-Median Problem with Uniform Penalties via Pseudo-Solutions,Chenchen Wu; D. Du; Dachuan Xu,2016,International Conference on Combinatorial Optimization and Applications,https://www.semanticscholar.org/paper/b0e7ad0133104ba811bfbb8d43948b74a22e299c
3346557ff67f47cfb0aa9cb2577b6ddd872229d7,Dissimilarity-Based Sparse Subset Selection,Ehsan Elhamifar; G. Sapiro; S. Sastry,2016,IEEE Transactions on Pattern Analysis and Machine Intelligence,https://www.semanticscholar.org/paper/3346557ff67f47cfb0aa9cb2577b6ddd872229d7
dcddc7e492ee94e2881153039014ec5f01332665,"Mining the Most Influential <inline-formula><tex-math notation=""LaTeX"">$k$</tex-math> <alternatives><inline-graphic xlink:href=""li-ieq1-2717978.gif""/></alternatives></inline-formula>-Location Set from Massive Trajectories",Yuhong Li; Jie Bao; Yanhua Li; Yingcai Wu; Zhiguo Gong; Yu Zheng,2016,IEEE Transactions on Big Data,https://www.semanticscholar.org/paper/dcddc7e492ee94e2881153039014ec5f01332665
24bdbbfa99c2d951e7d684100cd5b2f70a7a8b56,Hierarchical Clustering via Spreading Metrics,Aurko Roy; S. Pokutta,2016,Neural Information Processing Systems,https://www.semanticscholar.org/paper/24bdbbfa99c2d951e7d684100cd5b2f70a7a8b56
1637b53cac4679334292ee7d00d0940030769e43,Locating depots for capacitated vehicle routing,Inge Li Gørtz; V. Nagarajan,2016,Networks,https://www.semanticscholar.org/paper/1637b53cac4679334292ee7d00d0940030769e43
9bf23df3f05a7cdf135bd64924d0cfb3c42a54a7,"Algorithmic, Game Theoretic and Learning Theoretic Aspects of Distributed Optimization",Steven Ehrlich,2016,,https://www.semanticscholar.org/paper/9bf23df3f05a7cdf135bd64924d0cfb3c42a54a7
da0c06a30b9b80c166cfd11dda7cdfabd71b9128,Approximation Algorithms for Clustering Problems with Lower Bounds and Outliers,Sara Ahmadian; Chaitanya Swamy,2016,"International Colloquium on Automata, Languages and Programming",https://www.semanticscholar.org/paper/da0c06a30b9b80c166cfd11dda7cdfabd71b9128
080c95e509c41316133291b6857a3fabe1067a37,Integrality gaps for strengthened linear relaxations of capacitated facility location,Stavros G. Kolliopoulos; Yannis Moysoglou,2016,Mathematical programming,https://www.semanticscholar.org/paper/080c95e509c41316133291b6857a3fabe1067a37
cb715cd667c8a80039368f20623ffa58aae1aa43,Iterative Partial Rounding for Vertex Cover with Hard Capacities,Mong-Jen Kao,2016,Algorithmica,https://www.semanticscholar.org/paper/cb715cd667c8a80039368f20623ffa58aae1aa43
356fb3196b8345f098ff514cd5eed662ea4de0bf,The Non-Uniform k-Center Problem,Deeparnab Chakrabarty; Prachi Goyal; Ravishankar Krishnaswamy,2016,"International Colloquium on Automata, Languages and Programming",https://www.semanticscholar.org/paper/356fb3196b8345f098ff514cd5eed662ea4de0bf
278126ccb7685e7b804fab453425b9d85b65e301,Scalable Exemplar Clustering and Facility Location via Augmented Block Coordinate Descent with Column Generation,I. E. Yen; D. Malioutov; Abhishek Kumar,2016,International Conference on Artificial Intelligence and Statistics,https://www.semanticscholar.org/paper/278126ccb7685e7b804fab453425b9d85b65e301
b3330f4525c3bf2279a57d7b809911ffb4e9f486,Improved algorithms for joint optimization of facility locations and network connections,X. Lai; Zhou Xu,2016,European Journal of Operational Research,https://www.semanticscholar.org/paper/b3330f4525c3bf2279a57d7b809911ffb4e9f486
6905cc4bc64fc404e084462354eff10d440a09a6,Efficient Parallel Algorithms for k-Center Clustering,J. McClintock; Anthony Wirth,2016,International Conference on Parallel Processing,https://www.semanticscholar.org/paper/6905cc4bc64fc404e084462354eff10d440a09a6
f875bc7291d3d8ea5c0cf88be607c8d4d27d6bb0,The power of local search for clustering,Vincent Cohen-Addad; P. Klein; Claire Mathieu,2016,arXiv.org,https://www.semanticscholar.org/paper/f875bc7291d3d8ea5c0cf88be607c8d4d27d6bb0
663612295485d5afcb745eec8f29ab041da763ca,Local Search Yields Approximation Schemes for k-Means and k-Median in Euclidean and Minor-Free Metrics,Vincent Cohen-Addad; P. Klein; Claire Mathieu,2016,IEEE Annual Symposium on Foundations of Computer Science,https://www.semanticscholar.org/paper/663612295485d5afcb745eec8f29ab041da763ca
55e85b02fafce957c1188eaa76b3616a45a03400,Local Search Yields a PTAS for k-Means in Doubling Metrics,Zachary Friggstad; M. Rezapour; M. Salavatipour,2016,IEEE Annual Symposium on Foundations of Computer Science,https://www.semanticscholar.org/paper/55e85b02fafce957c1188eaa76b3616a45a03400
b7157666b6256441e845877e2a7ab34b94617b77,Constant Approximation for Capacitated k-Median with (1 + ε)-Capacity Violation,Gökalp Demirci; Shi Li,2016,arXiv.org,https://www.semanticscholar.org/paper/b7157666b6256441e845877e2a7ab34b94617b77
b0a028905a9b20596255f9f15de3e5a9993ec0b3,Tight Analysis of a Multiple-Swap Heurstic for Budgeted Red-Blue Median,Zachary Friggstad; Yifeng Zhang,2016,"International Colloquium on Automata, Languages and Programming",https://www.semanticscholar.org/paper/b0a028905a9b20596255f9f15de3e5a9993ec0b3
d9ac70d16cd3bf1a1d662df630c662185f1dc4aa,Some Resource Allocation Problems,Chaoxu Tong,2016,,https://www.semanticscholar.org/paper/d9ac70d16cd3bf1a1d662df630c662185f1dc4aa
617f63a628dd535aa2dbbf94effb469fb9c8412c,Clustering time series under the Fréchet distance,Anne Driemel; Amer Krivosija; C. Sohler,2015,ACM-SIAM Symposium on Discrete Algorithms,https://www.semanticscholar.org/paper/617f63a628dd535aa2dbbf94effb469fb9c8412c
382cc4cc7014c6cc6bda37d7953e051694487e13,An Approximation Algorithm for Uniform Capacitated k-Median Problem with 1+\epsilon Capacity Violation,J. Byrka; Bartosz Rybicki; Sumedha Uniyal,2015,Conference on Integer Programming and Combinatorial Optimization,https://www.semanticscholar.org/paper/382cc4cc7014c6cc6bda37d7953e051694487e13
b94c4a1018e6ead9ce1750d2a6c18931d636cd15,An approximation algorithm for Uniform Capacitated k-Median problem with 1 + ε capacity violation,J. Byrka; Bartosz Rybicki; Sumedha Uniyal,2015,arXiv.org,https://www.semanticscholar.org/paper/b94c4a1018e6ead9ce1750d2a6c18931d636cd15
96662a2a20988c0e553789a5e0470446c28f94f9,The Container Selection Problem,V. Nagarajan; Kanthi Kiran Sarpatwar; B. Schieber; H. Shachnai; J. Wolf,2015,"International Workshop and International Workshop on Approximation, Randomization, and Combinatorial Optimization. Algorithms and Techniques",https://www.semanticscholar.org/paper/96662a2a20988c0e553789a5e0470446c28f94f9
deb4c0ce44323a34e967bab5197f705d6deb0a0f,A Bi-Criteria Approximation Algorithm for k-Means,K. Makarychev; Yury Makarychev; M. Sviridenko; Justin Ward,2015,"International Workshop and International Workshop on Approximation, Randomization, and Combinatorial Optimization. Algorithms and Techniques",https://www.semanticscholar.org/paper/deb4c0ce44323a34e967bab5197f705d6deb0a0f
9106852968a3044ed539eb0f3cace0d3b38c13cb,Approximation Algorithms for Min-Sum k-Clustering and Balanced k-Median,B. Behsaz; Zachary Friggstad; M. Salavatipour; Rohit Sivakumar,2015,Algorithmica,https://www.semanticscholar.org/paper/9106852968a3044ed539eb0f3cace0d3b38c13cb
bfebd0182855c63a404cd251080fa8c69e6ecf87,Integrality gaps for strengthened linear relaxations of capacitated facility location,Stavros G. Kolliopoulos; Yannis Moysoglou,2015,Mathematical programming,https://www.semanticscholar.org/paper/bfebd0182855c63a404cd251080fa8c69e6ecf87
f19728c134a0afbebc315b1033e2d92bcfa49d3f,The Hardness of Approximation of Euclidean k-Means,Pranjal Awasthi; M. Charikar; Ravishankar Krishnaswamy; A. Sinop,2015,International Symposium on Computational Geometry,https://www.semanticscholar.org/paper/f19728c134a0afbebc315b1033e2d92bcfa49d3f
97cf1330741cd58057e5ab3dd68aa4f259a2b5d2,Metric k-median Problem and Its Application in Reverse Greedy RandomizedAlgorithm,Shouqiang Wang; Shenmin Zhang,2015,,https://www.semanticscholar.org/paper/97cf1330741cd58057e5ab3dd68aa4f259a2b5d2
848eb314247a16e3fff23e61f2a43a609829391d,Facility Location Problems: Approximation Algorithms and Polyhedral Results,S. Li,2014,,https://www.semanticscholar.org/paper/848eb314247a16e3fff23e61f2a43a609829391d
a884ff4481ab418a9127554393775c55c9ee3ebe,Approximating capacitated k-median with (1 + ∊)k open facilities,Shi Li,2014,ACM-SIAM Symposium on Discrete Algorithms,https://www.semanticscholar.org/paper/a884ff4481ab418a9127554393775c55c9ee3ebe
d69ca31c5e6dd918960623a5dc7a9deba86c9028,Network Cross-Validation for Determining the Number of Communities in Network Data,Kehui Chen; Jing Lei,2014,,https://www.semanticscholar.org/paper/d69ca31c5e6dd918960623a5dc7a9deba86c9028
e58a8a3690535e9573527f60aad186d1e97a0584,An improved approximation algorithm for k-median problem using a new factor-revealing LP,Chenchen Wu; Dachuan Xu; D. Du; Yishui Wang,2014,arXiv.org,https://www.semanticscholar.org/paper/e58a8a3690535e9573527f60aad186d1e97a0584
f87aff778aefcc633446394429b7e58b8f955cc4,On Uniform Capacitated k-Median Beyond the Natural LP Relaxation,Shi Li,2014,ACM-SIAM Symposium on Discrete Algorithms,https://www.semanticscholar.org/paper/f87aff778aefcc633446394429b7e58b8f955cc4
5010a12e8aa0613266b548f474d4fafe5ada7440,"Relax, No Need to Round: Integrality of Clustering Formulations",Pranjal Awasthi; A. Bandeira; M. Charikar; Ravishankar Krishnaswamy; Soledad Villar; Rachel A. Ward,2014,Information Technology Convergence and Services,https://www.semanticscholar.org/paper/5010a12e8aa0613266b548f474d4fafe5ada7440
17cb01afe6d709d23919a9206660f97342be5084,Dissimilarity-Based Sparse Subset Selection,Member Ieee Ehsan Elhamifar; Fellow Ieee Guillermo Sapiro; F. I. S. Shankar Sastry,2014,IEEE Transactions on Pattern Analysis and Machine Intelligence,https://www.semanticscholar.org/paper/17cb01afe6d709d23919a9206660f97342be5084
affc4a24391a337a8232534669e8bfd32f59cf04,LP-Based Algorithms for Capacitated Facility Location,Hyung-Chan An; Mohit Singh; O. Svensson,2014,IEEE Annual Symposium on Foundations of Computer Science,https://www.semanticscholar.org/paper/affc4a24391a337a8232534669e8bfd32f59cf04
7d819848f78acaaf77b24383e5c74eaaccc80149,A general framework of hierarchical clustering and its applications,Ruichu Cai; Zhenjie Zhang; A. Tung; Chenyun Dai; Z. Hao,2014,Information Sciences,https://www.semanticscholar.org/paper/7d819848f78acaaf77b24383e5c74eaaccc80149
5690da301015b1e40a33213550b5974fec1778bf,Modern aspects of unsupervised learning,Yingyu Liang,2014,,https://www.semanticscholar.org/paper/5690da301015b1e40a33213550b5974fec1778bf
b299c51908672c8b54859b3d50dde4e40b185bfe,Centrality of trees for capacitated k\documentclass[12pt]{minimal} \usepackage{amsmath} \usepackage{wasysym} \usepackage{amsfonts} \usepackage{amssymb} \usepackage{amsbsy} \usepackage{mathrsfs} \usepackage{upgreek} \setlength{\oddsidemargin}{-69pt} \begin{document}$$k$$\end{document}-center,Hyung-Chan An; Aditya Bhaskara; C. Chekuri; Shalmoli Gupta; V. Madan; O. Svensson,2014,Mathematical programming,https://www.semanticscholar.org/paper/b299c51908672c8b54859b3d50dde4e40b185bfe
1655ae04c843613183d6f29c5feed3355d3d0ad9,An Improved Approximation for k-Median and Positive Correlation in Budgeted Optimization,J. Byrka; Thomas W. Pensyl; Bartosz Rybicki; A. Srinivasan; Khoa Trinh,2014,ACM-SIAM Symposium on Discrete Algorithms,https://www.semanticscholar.org/paper/1655ae04c843613183d6f29c5feed3355d3d0ad9
b59c8dba48254a277f4e7810f4b2b2bcf491b467,An Improved Approximation Algorithm for the Hard Uniform Capacitated k-median Problem,Shanfei Li,2014,"International Workshop and International Workshop on Approximation, Randomization, and Combinatorial Optimization. Algorithms and Techniques",https://www.semanticscholar.org/paper/b59c8dba48254a277f4e7810f4b2b2bcf491b467
d4730826de13ee8ce459bcd31f526716796895f3,Minimizing transmit power consumption in multi-level WSNs for environmental monitoring,B. Behsaz; M. MacGregor,2014,IEEE Wireless Communications and Networking Conference,https://www.semanticscholar.org/paper/d4730826de13ee8ce459bcd31f526716796895f3
0237bf0218f778dd9f0a0daab29a3a8d11e98408,Constant Factor Approximation for Capacitated k-Center with Outliers,Marek Cygan; Tomasz Kociumaka,2014,Symposium on Theoretical Aspects of Computer Science,https://www.semanticscholar.org/paper/0237bf0218f778dd9f0a0daab29a3a8d11e98408
3e07716416fdfe3685fd8bc04bb782f8fc7cc7e2,A lower bound for metric 1-median selection,Ching-Lueh Chang,2014,Journal of computer and system sciences (Print),https://www.semanticscholar.org/paper/3e07716416fdfe3685fd8bc04bb782f8fc7cc7e2
9585bce2cab438526574b5f67009a79aea8f40dc,Bi-Factor Approximation Algorithms for Hard Capacitated k-Median Problems,J. Byrka; Krzysztof Fleszar; Bartosz Rybicki; J. Spoerhase,2013,ACM-SIAM Symposium on Discrete Algorithms,https://www.semanticscholar.org/paper/9585bce2cab438526574b5f67009a79aea8f40dc
bbb779c6ebccfbcf3b38dd4b8c44d6a9d5422e1b,Bi-Factor Approximation Algorithms for Hard Capacitated $k$-Median Problems,J. Byrka; Krzysztof Fleszar; Bartosz Rybicki; J. Spoerhase,2013,,https://www.semanticscholar.org/paper/bbb779c6ebccfbcf3b38dd4b8c44d6a9d5422e1b
b0a0fe52a9c5ba67d691abdc82ea20ebf9e9a3d0,Clustering With Center Constraints,Parinya Chalermsook; Suresh Venkatasubramanian,2013,Foundations of Software Technology and Theoretical Computer Science,https://www.semanticscholar.org/paper/b0a0fe52a9c5ba67d691abdc82ea20ebf9e9a3d0
5e97df7539dcf2e5262ae7d195e4b9967cd76f3c,Consistency of spectral clustering in stochastic block models,Jing Lei; A. Rinaldo,2013,,https://www.semanticscholar.org/paper/5e97df7539dcf2e5262ae7d195e4b9967cd76f3c
8a5e1b4d47ed338bb74d960b0db85887fea95c55,k-Prototype Learning for 3D Rigid Structures,Hu Ding; R. Berezney; Jinhui Xu,2013,Neural Information Processing Systems,https://www.semanticscholar.org/paper/8a5e1b4d47ed338bb74d960b0db85887fea95c55
83ec153e670d1a792ab63044746436ec345afebf,"Sherali-Adams Gaps, Flow-cover Inequalities and Generalized Configurations for Capacity-constrained Facility Location",Stavros G. Kolliopoulos; Yannis Moysoglou,2013,"International Workshop and International Workshop on Approximation, Randomization, and Combinatorial Optimization. Algorithms and Techniques",https://www.semanticscholar.org/paper/83ec153e670d1a792ab63044746436ec345afebf
dffd87c4c1fbc1693c84f2f9d87e89c3bab19914,Approximation algorithms for hard capacitated k-facility location problems,K. Aardal; P. L. Berg; D. Gijswijt; Shanfei Li,2013,European Journal of Operational Research,https://www.semanticscholar.org/paper/dffd87c4c1fbc1693c84f2f9d87e89c3bab19914
7c909feaa16aa630fdf54b49eef6880a75bdcbd8,Approximation Algorithms for some Min-max Vehicle Routing Problems,A. Jorati,2013,,https://www.semanticscholar.org/paper/7c909feaa16aa630fdf54b49eef6880a75bdcbd8
01ddaf36c6fa94cb5e710de34c8d60ca39eab91d,Near optimal design of multi-level WSNs for environmental monitoring,B. Behsaz; M. MacGregor,2013,38th Annual IEEE Conference on Local Computer Networks,https://www.semanticscholar.org/paper/01ddaf36c6fa94cb5e710de34c8d60ca39eab91d
72a477c0a61dba66924ffb44cd36e0bacf7fefa6,New Approximability Results for the Robust k-Median Problem,Sayan Bhattacharya; Parinya Chalermsook; K. Mehlhorn; Adrian Neumann,2013,Scandinavian Workshop on Algorithm Theory,https://www.semanticscholar.org/paper/72a477c0a61dba66924ffb44cd36e0bacf7fefa6
7b64dc5222b68031ab7a08c6a437b585f672a433,Recovery guarantees for exemplar-based clustering,Abhinav Nellore; Rachel A. Ward,2013,Information and Computation,https://www.semanticscholar.org/paper/7b64dc5222b68031ab7a08c6a437b585f672a433
b086fedec905e1443a3cc24b86de46677f2dbe17,Beyond Worst-Case Analysis in Privacy and Clustering: Exploiting Explicit and Implicit Assumptions,Or Sheffet,2013,,https://www.semanticscholar.org/paper/b086fedec905e1443a3cc24b86de46677f2dbe17
d8c07e8516942fe223afa0115767c9d0ac6a6ea2,A Constant Factor Approximation Algorithm for Fault-Tolerant k-Median,M. Hajiaghayi; Wei Hu; J. Li; Shi Li; B. Saha,2013,ACM-SIAM Symposium on Discrete Algorithms,https://www.semanticscholar.org/paper/d8c07e8516942fe223afa0115767c9d0ac6a6ea2
8c9ca815a67b2c51bcc78302b49b37f2ebe1e7d7,Fault Tolerant Clustering Revisited,Nirman Kumar; Benjamin Raichel,2013,Canadian Conference on Computational Geometry,https://www.semanticscholar.org/paper/8c9ca815a67b2c51bcc78302b49b37f2ebe1e7d7
2e1ced713c6ac1459569b74ad063d11934ab8bb2,Distributed k-Means and k-Median Clustering on General Topologies,Maria-Florina Balcan; Steven Ehrlich; Yingyu Liang,2013,Neural Information Processing Systems,https://www.semanticscholar.org/paper/2e1ced713c6ac1459569b74ad063d11934ab8bb2
14a88269fc6f674b6a70e924150b55b82d2672be,Distributed Clustering on Graphs,Maria-Florina Balcan; Steven Ehrlich; Yingyu Liang,2013,arXiv.org,https://www.semanticscholar.org/paper/14a88269fc6f674b6a70e924150b55b82d2672be
74605b05d0ea07065a02155adfd7d3f1d1e68515,Integrality gaps for strengthened LP relaxations of Capacitated and Lower-Bounded Facility Location,Stavros G. Kolliopoulos; Yannis Moysoglou,2013,arXiv.org,https://www.semanticscholar.org/paper/74605b05d0ea07065a02155adfd7d3f1d1e68515
17fe92d751191e6c4e8537f848a460c51a08f638,Clustering under approximation stability,Maria-Florina Balcan; Avrim Blum; Anupam Gupta,2013,JACM,https://www.semanticscholar.org/paper/17fe92d751191e6c4e8537f848a460c51a08f638
ab508585cdc140e03b7a082b9c19a62f3732100c,Approximating Minimum-Cost k-Node Connected Subgraphs via Independence-Free Graphs,J. Cheriyan; László A. Végh,2012,IEEE Annual Symposium on Foundations of Computer Science,https://www.semanticscholar.org/paper/ab508585cdc140e03b7a082b9c19a62f3732100c
e2a3e50828b607bd01e51485066815cd758e5841,Clustering under Perturbation Resilience,Maria-Florina Balcan; Yingyu Liang,2011,SIAM journal on computing (Print),https://www.semanticscholar.org/paper/e2a3e50828b607bd01e51485066815cd758e5841
cd5c5bd2ca352622fe34ab790b9edbee8f228496,An Experimental Evaluation of Incremental and Hierarchical k-Median Algorithms,Chandrashekhar Nagarajan; David P. Williamson,2011,JEAL,https://www.semanticscholar.org/paper/cd5c5bd2ca352622fe34ab790b9edbee8f228496
948584eb8b7ed62c6c8206ff27087b063c4fd063,Locating depots for capacitated vehicle routing,Inge Li Gørtz; V. Nagarajan,2011,"International Workshop and International Workshop on Approximation, Randomization, and Combinatorial Optimization. Algorithms and Techniques",https://www.semanticscholar.org/paper/948584eb8b7ed62c6c8206ff27087b063c4fd063
92d39ad930f4941f1292d16f25864948be143bbb,A Constant-Factor Approximation Algorithm for Reconciliation k-Median,J. Spoerhase; K. Khodamoradi; B. Riegel; Bruno Ordozgoiti; A. Gionis,2023,International Conference on Artificial Intelligence and Statistics,https://www.semanticscholar.org/paper/92d39ad930f4941f1292d16f25864948be143bbb
c4d445be6824415e5d48d6cafc6b5cc20a970ef3,Improved Approximation Algorithm for Capacitated Facility Location with Uniform Facility Cost,Mong-Jen Kao,2023,International Symposium on Algorithms and Computation,https://www.semanticscholar.org/paper/c4d445be6824415e5d48d6cafc6b5cc20a970ef3
9c209e45c00b4063ec0eab65687648e01a8da83d,Efficient Online Clustering with Moving Costs,Dimitrios Christou; Stratis Skoulakis; V. Cevher,2023,Neural Information Processing Systems,https://www.semanticscholar.org/paper/9c209e45c00b4063ec0eab65687648e01a8da83d
bafadaced9f8f10c41a0ad09331f71f531ba09d2,k-Means Clustering with Distance-Based Privacy,Alessandro Epasto; V. Mirrokni; Shyam Narayanan; Peilin Zhong,2023,Neural Information Processing Systems,https://www.semanticscholar.org/paper/bafadaced9f8f10c41a0ad09331f71f531ba09d2
ed959762d7b654d225ddf5b9932dc25ead83b0b5,Ordered k-Median with Outliers,Shichuan Deng; Qianfan Zhang,2022,"International Workshop and International Workshop on Approximation, Randomization, and Combinatorial Optimization. Algorithms and Techniques",https://www.semanticscholar.org/paper/ed959762d7b654d225ddf5b9932dc25ead83b0b5
8194e0c66fb912b32fb53e434b2e349ff3f7a421,A Parameterized Approximation Algorithm for the Chromatic k-Median Problem,Zhen Zhang; Jinchuan Zhang; Ling-ling Zhu,2021,IEEE Access,https://www.semanticscholar.org/paper/8194e0c66fb912b32fb53e434b2e349ff3f7a421
7c86c8c8b1a7d9b2304aecf549c5c99770f837ef,Improved Parameterized Approximation for Balanced k-Median,Zhen Zhang; Qilong Feng,2021,International Conference on Combinatorial Optimization and Applications,https://www.semanticscholar.org/paper/7c86c8c8b1a7d9b2304aecf549c5c99770f837ef
99b96b8a3d23487850b94b51f6000fb6dcc6c988,An Improved Approximation Algorithm for Capacitated Correlation Clustering Problem,S. Ji; Yukun Cheng; J. Tan; Zhong-ming Zhao,2021,International Conference on Combinatorial Optimization and Applications,https://www.semanticscholar.org/paper/99b96b8a3d23487850b94b51f6000fb6dcc6c988
d04932b21d20ad86a07cb0061e3b8134812a6baf,An Improved Approximation Algorithm for Squared Metric k-Facility Location,Zhen Zhang; Qilong Feng,2021,International Conference on Combinatorial Optimization and Applications,https://www.semanticscholar.org/paper/d04932b21d20ad86a07cb0061e3b8134812a6baf
bff62f942ecfa330962fa299778aa664fbc7cada,Is Simple Uniform Sampling Efficient for Center-Based Clustering With Outliers: When and Why?,Huihua Ding; Jiawei Huang,2021,arXiv.org,https://www.semanticscholar.org/paper/bff62f942ecfa330962fa299778aa664fbc7cada
4b562182d6095d835d7cfa9478b96e2bc86a1cfa,Certified Algorithms: Worst-Case Analysis and Beyond,K. Makarychev; Yury Makarychev,2020,Information Technology Convergence and Services,https://www.semanticscholar.org/paper/4b562182d6095d835d7cfa9478b96e2bc86a1cfa
c1cc56671354ead33a35ba7560659fc89d59949d,CGWeek Young Researchers Forum 2020,Evanthia Papadopoulou; Shengtan Mao; J. Snoeyink,2020,,https://www.semanticscholar.org/paper/c1cc56671354ead33a35ba7560659fc89d59949d
a3175e3a3ce46e31baf5f039e33d1140212168e6,A Unified Framework of FPT Approximation Algorithms for Clustering Problems,Qilong Feng; Zhen Zhang; Ziyun Huang; Jinhui Xu; Jian-xin Wang,2020,International Symposium on Algorithms and Computation,https://www.semanticscholar.org/paper/a3175e3a3ce46e31baf5f039e33d1140212168e6
f5013caf49ba94e1891f11521113beb494403654,A Constant Factor Approximation for Lower-Bounded k-Median,Yutian Guo; Junyu Huang; Zhen Zhang,2020,Theory and Applications of Models of Computation,https://www.semanticscholar.org/paper/f5013caf49ba94e1891f11521113beb494403654
4c912b52253f3a976c5ca143db326d6c1f20225b,Averaging curves under the dynamic time warping distance,Koen van Greevenbroek,2020,,https://www.semanticscholar.org/paper/4c912b52253f3a976c5ca143db326d6c1f20225b
4938a810c6b4b3fb9528093bb009bcf7478fba19,"Theory and Applications of Models of Computation: 16th International Conference, TAMC 2020, Changsha, China, October 18–20, 2020, Proceedings",Jianer Chen; Qilong Feng; Jinhui Xu,2020,Theory and Applications of Models of Computation,https://www.semanticscholar.org/paper/4938a810c6b4b3fb9528093bb009bcf7478fba19
970302822228f90b8c33a1e93d6941e0c97c1ad9,THE UNIVERSITY OF CHICAGO APPROXIMATION ALGORITHMS FOR CAPACITATED K-MEDIAN AND SCHEDULING WITH RESOURCE AND PRECEDENCE CONSTRAINTS A DISSERTATION SUBMITTED TO THE FACULTY OF THE DIVISION OF THE PHYSICAL SCIENCES IN CANDIDACY FOR THE DEGREE OF DOCTOR OF PHILOSOPHY,,2019,,https://www.semanticscholar.org/paper/970302822228f90b8c33a1e93d6941e0c97c1ad9
6c3fb676508bdc344222f77427b9e98133b8c5df,Continuous Facility Location Algorithms for k-Means and k-Median,Nathan Cordner,2019,,https://www.semanticscholar.org/paper/6c3fb676508bdc344222f77427b9e98133b8c5df
d3522be0aa8ef5c05e150bb3f63aba20f21d555b,Improved Algorithms for Clustering with Outliers,Qilong Feng; Zhen Zhang; Ziyun Huang; Jinhui Xu; Jian-xin Wang,2019,International Symposium on Algorithms and Computation,https://www.semanticscholar.org/paper/d3522be0aa8ef5c05e150bb3f63aba20f21d555b
bd7259ffdd12ff6e6894c5572e23f25cc284f7d3,Kantorovich–Rubinstein Distance Minimization: Application to Location Problems,V. Kuzmenko; S. Uryasev,2019,Springer Optimization and Its Applications,https://www.semanticscholar.org/paper/bd7259ffdd12ff6e6894c5572e23f25cc284f7d3
2262d2877cf88e0a7dc2d9f4d92fe08ffd0ab5e3,FPKC: An Efficient Algorithm for Improving Short-Term Load Forecasting,Hongxiang Dong; Henan Yang,2019,Advances in Intelligent Information Hiding and Multimedia Signal Processing,https://www.semanticscholar.org/paper/2262d2877cf88e0a7dc2d9f4d92fe08ffd0ab5e3
a7bf363ffe75a519fe683036d350ddd4bc445fb1,Interpolating between k-Median and k-Center:,Deeparnab Chakrabarty; Chaitanya Swamy,2019,,https://www.semanticscholar.org/paper/a7bf363ffe75a519fe683036d350ddd4bc445fb1
3a436da9326a9b965db2fbcd8f37d246848f79d3,Block-Selection Rounding and Applications∗,David G. Harris; Thomas W. Pensyl; A. Srinivasan; Khoa Trinh,2018,,https://www.semanticscholar.org/paper/3a436da9326a9b965db2fbcd8f37d246848f79d3
59faf50061146f997fcfda3ff46197407d4bd82f,Algorithms For Clustering Problems: Theoretical Guarantees and Empirical Evaluations,Ashkan Norouzi Fard,2018,,https://www.semanticscholar.org/paper/59faf50061146f997fcfda3ff46197407d4bd82f
242c49964486f63fb5ff073ca3b90acf41762c47,", 1994-B 434 a BenApproximation algorithms for hub location problems /",Marcelo Pinheiro Leite; Marcelo M. Pinheiro; Leite Benedito,2018,,https://www.semanticscholar.org/paper/242c49964486f63fb5ff073ca3b90acf41762c47
64c7733ac1ffa54ab89e572dafcad72316cf8285,D S ] 2 8 Fe b 20 18 Constant-Factor Approximation for Ordered k-Median,Krzysztof Sornat; J. Spoerhase,2018,,https://www.semanticscholar.org/paper/64c7733ac1ffa54ab89e572dafcad72316cf8285
63e5409784b47d27f2edc9ac5e97bcb2893059aa,Network-Design Problems in Graphs and on the Plane,Krzysztof Fleszar,2018,,https://www.semanticscholar.org/paper/63e5409784b47d27f2edc9ac5e97bcb2893059aa
975919d73e99953eeb8533664a3533ee11d4708e,Approximation Algorithms for Facility Location and Clustering Problems,Khoa Trinh,2017,,https://www.semanticscholar.org/paper/975919d73e99953eeb8533664a3533ee11d4708e
b6dbe98ccbd31ba95f4e557823fa6cc04a9577c6,Energy Minimization Methods in Computer Vision and Pattern Recognition,Kanade; J. Kittler; John C. Mitchell; Pandu Rangan,2017,Lecture Notes in Computer Science,https://www.semanticscholar.org/paper/b6dbe98ccbd31ba95f4e557823fa6cc04a9577c6
e7677c0757e0687667c053f5f5b61a92d5e089a3,Approximation Algorithms for Network Design and Location Problems,J. Spoerhase,2017,,https://www.semanticscholar.org/paper/e7677c0757e0687667c053f5f5b61a92d5e089a3
385bb55ef6ca959a7ce459f95babfbe245aa81aa,Tight Analysis of Local Search Heuristics for the Red-Blue Median Problem,Yifeng Zhang,2017,,https://www.semanticscholar.org/paper/385bb55ef6ca959a7ce459f95babfbe245aa81aa
9980aa2e6cfbb2766dfccd1b9506abf64dc2192b,D S ] 1 0 A pr 2 01 7 Better Guarantees for k-Means and Euclidean k-Median by Primal-Dual Algorithms ∗,Sara Ahmadian; A. Norouzi-Fard; Ola Svensson; Justin Ward,2017,,https://www.semanticscholar.org/paper/9980aa2e6cfbb2766dfccd1b9506abf64dc2192b
ed886070a06d3e2e9664ce094948d1d1c5c624c7,THE UNIVERSITY OF CHICAGO CONSTANT APPROXIMATION FOR CAPACITATED k-MEDIAN WITH (1 + )-CAPACITY VIOLATION A DISSERTATION SUBMITTED TO THE FACULTY OF THE DIVISION OF THE PHYSICAL SCIENCES IN CANDIDACY FOR THE DEGREE OF MASTER OF SCIENCE,,2016,,https://www.semanticscholar.org/paper/ed886070a06d3e2e9664ce094948d1d1c5c624c7
c3362e47a37704a8e9645c8fa3566f5caf60b075,Partial rounding and near-independence .,Thomas W. Pensyl,2016,,https://www.semanticscholar.org/paper/c3362e47a37704a8e9645c8fa3566f5caf60b075
d6b7fd016e7c2d023713942807eff5aa6b1689bb,Approximation Algorithms for Aversion k-Clustering via Local k-Median,Anupam Gupta; Guru Guruganesh; Melanie Schmidt,2016,"International Colloquium on Automata, Languages and Programming",https://www.semanticscholar.org/paper/d6b7fd016e7c2d023713942807eff5aa6b1689bb
1c46849103d9f504f9dcdec218fac28f3f35705f,A Constant Approximation for Streaming k-means,Sayan Bandyapadhyay,2016,,https://www.semanticscholar.org/paper/1c46849103d9f504f9dcdec218fac28f3f35705f
ef9a9915476fd4de5ab9d4493f4da713c984642a,Approximation algorithms for geometric dispersion,Cevallos Manzano; A. Bolivar,2016,,https://www.semanticscholar.org/paper/ef9a9915476fd4de5ab9d4493f4da713c984642a
29f4c5ab49b561ca893dd524f1f06a5ba9cc482d,K-median Algorithms: Theory in Practice,David Dohan; Stefani Karp; Brian Matejek,2015,,https://www.semanticscholar.org/paper/29f4c5ab49b561ca893dd524f1f06a5ba9cc482d
8a95d5e8785be620bd0e1f735af8cfc4818b10ad,On efficiency and reliability in computer science,Adrian Neumann,2015,,https://www.semanticscholar.org/paper/8a95d5e8785be620bd0e1f735af8cfc4818b10ad
fbc8e9f52d58aea722317a4834435603270e8103,Facility Location with Matroid or Knapsack Constraints,Ravishankar Krishnaswamy; Amit Kumar; V. Nagarajan; Yogish Sabharwal; B. Saha,2015,Mathematics of Operations Research,https://www.semanticscholar.org/paper/fbc8e9f52d58aea722317a4834435603270e8103
3d27740cca4476304b494c2b7680562cb6312d69,Limitations of linear programming as a model of approximate computation,Yannis Moysoglou,2015,,https://www.semanticscholar.org/paper/3d27740cca4476304b494c2b7680562cb6312d69
1e526c80d765111520f34375d0a93c3eaa14c47e,Purchasing Transportation Services from Ocean Carriers,Zhou Xu; X. Lai,2015,,https://www.semanticscholar.org/paper/1e526c80d765111520f34375d0a93c3eaa14c47e
0783aa51683f7f55ea6f64b0ad4e27443d4c5727,Bulletin de la Société Française de Recherche Opérationnelle et d’Aide à la Décision,,2015,,https://www.semanticscholar.org/paper/0783aa51683f7f55ea6f64b0ad4e27443d4c5727
4aa3265472f5b212bd82df7131cc661643dd934e,Approximation Algorithms for Min Sum k -Clustering and Balanced k -Median,Rohit Sivakumar,2015,,https://www.semanticscholar.org/paper/4aa3265472f5b212bd82df7131cc661643dd934e
1457334d3bef0771eca0578aae1b5d849c9561dd,Approximation Algorithms for Network Routing and Facility Location Problems,Shi Li,2014,,https://www.semanticscholar.org/paper/1457334d3bef0771eca0578aae1b5d849c9561dd
a8bab41289202dbeaf00e4ea842e76b2d2717652,An Improved Algorithm for the Hard Uniform Capacitated k-median Problem,Shanfei Li,2014,,https://www.semanticscholar.org/paper/a8bab41289202dbeaf00e4ea842e76b2d2717652
ab60367b0e5b1bc307e6c648cf18b832f07fb64c,Coresets and streaming algorithms for the k-means problem and related clustering objectives,Melanie Schmidt,2014,,https://www.semanticscholar.org/paper/ab60367b0e5b1bc307e6c648cf18b832f07fb64c
30850f881891324f63e80efcf8a0f34aedf318fb,Based Clustering : A Foundational Perspective,Pranjal Awasthi; Maria-Florina Balcan,2014,,https://www.semanticscholar.org/paper/30850f881891324f63e80efcf8a0f34aedf318fb
6b49dd628dbcc8022e8085ae7bdd41972bd65bd5,CS264: Beyond Worst-Case Analysis Lecture #6: Clustering in Approximation-Stable Instances,Tim Roughgarden,2014,,https://www.semanticscholar.org/paper/6b49dd628dbcc8022e8085ae7bdd41972bd65bd5
3ec26d4a3d1a93797a822462f025b45f918fcc2e,Approximation algorithms for resource allocation optimization.,Kewen Liao,2014,,https://www.semanticscholar.org/paper/3ec26d4a3d1a93797a822462f025b45f918fcc2e
0d22134f754ed9dd83f765a014757e621344ab23,Tight bounds on the Lovász-Schrijver rank for approximate Capacitated Facility Location ∗,Stavros G. Kolliopoulos; Yannis Moysoglou,2013,,https://www.semanticscholar.org/paper/0d22134f754ed9dd83f765a014757e621344ab23
9725b126206cb5dd3a7b7062b568f3b18c1f6cd6,Clustering Perturbation Resilient k-Median Instances,Maria-Florina Balcan,2013,,https://www.semanticscholar.org/paper/9725b126206cb5dd3a7b7062b568f3b18c1f6cd6
2332255cda26daffac8ec226e299c8f210bc7935,Research Showcase @ CMU,Cmu; Pranjal Awasthi; Maria-Florina Balcan,,,https://www.semanticscholar.org/paper/2332255cda26daffac8ec226e299c8f210bc7935
4d9247df163e7e261fac2295cc5597480bf576e5,Augmenting Ordered k -Median with Fault-Tolerance and Robustness,Shichuan Deng; Qianfan Zhang,,,https://www.semanticscholar.org/paper/4d9247df163e7e261fac2295cc5597480bf576e5
588c81756b115ff037ee515be64ea3fce61c3930,On approximation algorithms for the priority k -facility location problem,张震; 使得设施开设费用与用户连接费用之和最小 接到一个开设设施上; 设施选址问题是一种 NP-难问; 人们基于原始 – 对偶 . 鉴于此; 拟合 、对偶–; 等技术为; 在网络中计算数据传输可行路径时 每个数据源都有特定的服务质量需求 设施选址问题提出了一系列近似算法 设施选址问题的很多应用领域都涉及服务级别要求 例如; Ravi 和 针对这些应用; Sinha; 提出了优先设施选址; 信息科学; Zhen Zhang; Qilong Feng; Xuesong Xu; Han Peng; Limei Liu; Feng Shi,,,https://www.semanticscholar.org/paper/588c81756b115ff037ee515be64ea3fce61c3930
c972eeadbf335b47c849ae390fd53251c1606fdb,Constant Factor Approximation Algorithm for p -Median Network Design Problem with Multiple Cable Types,Chaghoub Soraya; Xiaoyan Zhang,,,https://www.semanticscholar.org/paper/c972eeadbf335b47c849ae390fd53251c1606fdb
